US01M,US02Y,US03MY,US05Y,US10Y,US20Y,US30Y,FEDFUNDS,VIX,DJT,XLE,XLF,XLI,XLK,XLP,XLU,XLV,XLY,VIX,VIX3M,VIX9D,PC,PCC,TICK,TICK.NQ,TICK.US,TICKI,TICKQ,TKVD.US,1/VOLX,VIXM/VIXY,XLY*XLK/(XLP*XLU),ATHI.NQ-ATLO.NQ,ATHI.US-ATLO.US,HYG/UB1!,6A1!,6B1!,6C1!,6E1!,6J1!,6S1!,CL1!,CL2!,HG1!,PL1!,SI1!,GC1!,ES1!,NG1!,YM1!,RTY1!,ZT1!,ZF1!,ZN1!,ZB1!,UB1!,RB1!,RB2!
5.28,5.026,5.432,4.64,4.622,4.967,4.768,5.33,15.33,14276.79,82.71,33.53,101.07,175.16,68.5,60.04,125.57,158.69,15.33,17.34,14.66,0.932918,1.098652,-322,-37.0,-190.0,-11,400,-12941137.0,0.06311139160618491,0.8956521739130434,6.757693702981467,-458.0,-994.0,0.6305153538050735,0.6382,1.2229,0.7245,1.0689,0.0066485,1.11115,75.57,75.6,3.631,862.8,22.675,1964.4,4364.25,3.049,33964.0,1694.1,101.30078125,105.1171875,107.53125,113.03125,117.03125,2.1582,2.1329
5.28,5.026,5.432,4.64,4.622,4.967,4.768,5.33,15.37,14277.73,82.71,33.535,101.07,175.17,68.5,60.04,125.57,158.69,15.37,17.34,14.66,0.932918,1.098652,-322,-38.0,-170.0,-11,400,-12922966.0,0.06313131313131314,0.8956521739130434,6.757420008873384,-458.0,-982.0,0.6306008010680908,0.6382,1.2229,0.7245,1.0689,0.0066485,1.11115,75.57,75.6,3.631,862.8,22.675,1964.4,4365.0,3.049,33967.0,1694.3,101.30078125,105.1171875,107.53125,113.03125,117.03125,2.1582,2.1329
5.28,5.026,5.432,4.64,4.622,4.966,4.765,5.33,15.33,14277.55,82.71,33.54,101.07,175.16,68.5,60.04,125.58,158.69,15.33,17.34,14.66,0.932918,1.098652,-322,-3.0,-90.0,-11,400,-12906322.0,0.06313131313131314,0.8956521739130434,6.758545495217301,-458.0,-968.0,0.6306008010680908,0.63825,1.223,0.72455,1.06895,0.0066485,1.11115,75.57,75.6,3.631,862.9,22.675,1964.4,4365.75,3.049,33973.0,1694.8,101.296875,105.1171875,107.53125,113.03125,117.03125,2.1582,2.1329
5.28,5.026,5.432,4.64,4.622,4.966,4.765,5.33,15.33,14277.55,82.71,33.54,101.07,175.16,68.5,60.04,125.58,158.69,15.33,17.34,14.66,0.932918,1.098652,-322,-3.0,-90.0,-11,400,-12906322.0,0.06313131313131314,0.8956521739130434,6.758545495217301,-458.0,-968.0,0.6306008010680908,0.63825,1.223,0.72455,1.06895,0.0066485,1.11115,75.57,75.6,3.631,862.9,22.68,1964.5,4365.75,3.049,33973.0,1694.8,101.296875,105.1171875,107.53125,113.03125,117.03125,2.1582,2.1329
5.28,5.026,5.432,4.64,4.622,4.966,4.765,5.33,15.34,14282.5,82.72,33.54,101.09,175.21,68.5,60.05,125.59,158.72,15.34,17.34,14.65,0.932918,1.098652,-322,41.0,103.0,-11,400,-12761896.0,0.06323110970597534,0.8971691265424631,6.7606267769559425,-459.0,-927.0,0.6306862483311082,0.6383,1.223,0.7246,1.06895,0.0066485,1.1113,75.58,75.6,3.6315,863.1,22.685,1964.5,4366.0,3.049,33974.0,1694.6,101.296875,105.109375,107.53125,113.03125,117.03125,2.1582,2.1329
5.28,5.026,5.432,4.64,4.622,4.966,4.765,5.33,15.34,14282.42,82.73,33.54,101.1,175.21,68.51,60.05,125.6,158.72,15.34,17.34,14.65,0.932918,1.098652,-322,53.0,87.0,-11,400,-12741119.0,0.06325110689437065,0.8973862536302032,6.759639968201462,-459.0,-929.0,0.6306862483311082,0.6383,1.223,0.7246,1.06895,0.0066485,1.1113,75.58,75.6,3.6315,863.1,22.685,1964.5,4366.0,3.049,33974.0,1694.6,101.296875,105.109375,107.53125,113.03125,117.03125,2.1582,2.1329
5.28,5.026,5.432,4.64,4.622,4.966,4.765,5.33,15.3,14282.19,82.73,33.54,101.1,175.21,68.51,60.04,125.6,158.74,15.3,17.34,14.64,0.932918,1.098652,-322,38.0,72.0,-11,400,-12678004.0,0.06323110970597534,0.8973862536302032,6.761617735308268,-458.0,-924.0,0.6306862483311082,0.6383,1.223,0.7246,1.069,0.0066485,1.11135,75.58,75.6,3.6315,863.1,22.685,1964.7,4366.0,3.049,33973.0,1694.6,101.296875,105.1171875,107.53125,113.03125,117.03125,2.1582,2.1329
5.28,5.026,5.432,4.64,4.622,4.966,4.765,5.33,15.3,14282.19,82.73,33.54,101.1,175.21,68.51,60.04,125.6,158.74,15.3,17.34,14.64,0.932918,1.098652,-322,38.0,72.0,-11,400,-12678004.0,0.06323110970597534,0.8973862536302032,6.761617735308268,-458.0,-924.0,0.6306862483311082,0.6383,1.223,0.7246,1.069,0.0066485,1.11135,75.58,75.6,3.6315,863.1,22.685,1964.7,4366.0,3.049,33973.0,1694.6,101.296875,105.1171875,107.53125,113.03125,117.03125,2.1582,2.1329
5.28,5.026,5.432,4.637,4.622,4.963,4.765,5.33,15.3,14281.93,82.73,33.54,101.1,175.19,68.51,60.04,125.59,158.7,15.3,17.34,14.64,0.932846,1.097584,-322,35.0,-53.0,-11,400,-12594183.0,0.0632111251580278,0.8969521044992742,6.759142277648599,-457.0,-925.0,0.6306862483311082,0.6383,1.223,0.7246,1.069,0.0066485,1.11135,75.58,75.6,3.6315,863.1,22.685,1964.7,4366.25,3.049,33975.0,1694.7,101.296875,105.109375,107.53125,113.03125,117.03125,2.1582,2.1329
5.28,5.026,5.432,4.637,4.622,4.963,4.765,5.33,15.3,14281.8,82.735,33.54,101.1,175.19,68.51,60.04,125.59,158.7,15.3,17.34,14.64,0.932846,1.097584,-322,34.0,-40.0,-11,400,-12575810.0,0.0632111251580278,0.8969521044992742,6.759142277648599,-458.0,-930.0,0.6306862483311082,0.6383,1.223,0.7246,1.069,0.0066485,1.11135,75.57,75.6,3.6315,863.1,22.685,1964.7,4366.5,3.049,33977.0,1694.9,101.296875,105.109375,107.53125,113.03125,117.03125,2.1591,2.1338
5.28,5.026,5.432,4.637,4.622,4.963,4.765,5.33,15.31,14281.86,82.745,33.54,101.1,175.19,68.51,60.04,125.59,158.71,15.31,17.31,14.59,0.932846,1.097584,-322,27.0,-27.0,-11,400,-12555589.0,0.0632111251580278,0.8969521044992742,6.7595681845344,-456.0,-930.0,0.6308547008547009,0.63825,1.223,0.7246,1.06895,0.0066485,1.11135,75.56,75.6,3.6315,863.1,22.685,1964.6,4365.5,3.049,33974.0,1694.4,101.296875,105.109375,107.53125,113.0,117.0,2.1591,2.1338
5.28,5.026,5.432,4.637,4.622,4.963,4.765,5.33,15.31,14281.95,82.74,33.55,101.1,175.19,68.51,60.04,125.6,158.71,15.31,17.31,14.59,0.932846,1.097584,-322,3.0,-45.0,-11,400,-12540322.0,0.0632111251580278,0.8969521044992742,6.7595681845344,-458.0,-926.0,0.6308547008547009,0.63825,1.223,0.7246,1.06895,0.006648,1.11125,75.56,75.6,3.6315,863.1,22.685,1964.6,4365.0,3.049,33970.0,1694.5,101.29296875,105.1015625,107.515625,113.0,117.0,2.1591,2.1338
5.28,5.026,5.432,4.637,4.622,4.966,4.765,5.33,15.31,14282.11,82.745,33.55,101.1,175.19,68.51,60.04,125.59,158.71,15.31,17.31,14.59,0.932846,1.097584,-322,-19.0,-50.0,-11,400,-12517452.0,0.06325110689437065,0.8969521044992742,6.7595681845344,-459.0,-928.0,0.631023243387657,0.63825,1.223,0.7245,1.06895,0.006648,1.11125,75.56,75.6,3.631,862.9,22.685,1964.6,4365.25,3.049,33971.0,1694.6,101.29296875,105.109375,107.515625,113.0,116.96875,2.1591,2.1338
5.28,5.026,5.432,4.637,4.622,4.966,4.765,5.33,15.31,14282.05,82.74,33.55,101.1,175.19,68.51,60.04,125.59,158.71,15.31,17.31,14.59,0.932846,1.097584,-322,-28.0,-31.0,-11,400,-12558697.0,0.06325110689437065,0.897820823244552,6.7595681845344,-461.0,-929.0,0.631023243387657,0.6382,1.2228,0.72455,1.06885,0.006648,1.11125,75.56,75.6,3.631,862.9,22.685,1964.5,4365.0,3.049,33969.0,1694.5,101.29296875,105.1015625,107.515625,113.0,116.96875,2.1591,2.1336
5.28,5.026,5.432,4.637,4.622,4.966,4.765,5.33,15.31,14280.15,82.74,33.55,101.1,175.215,68.51,60.03,125.59,158.7,15.31,17.29,14.58,0.932846,1.097584,-322,-22.0,-34.0,-11,400,-12560996.0,0.06319115323854661,0.897820823244552,6.761232943592427,-462.0,-930.0,0.631023243387657,0.6381,1.2227,0.7245,1.06875,0.0066475,1.11115,75.56,75.6,3.63,862.7,22.675,1964.3,4364.25,3.049,33964.0,1694.1,101.2890625,105.09375,107.5,113.0,116.96875,2.1591,2.1336
5.28,5.026,5.432,4.637,4.622,4.966,4.765,5.33,15.31,14278.62,82.73,33.55,101.08,175.17,68.51,60.03,125.58,158.67,15.31,17.29,14.58,0.932846,1.097584,-322,-92.0,-274.0,-11,400,-12750114.0,0.06317119393556538,0.897820823244552,6.758218686598897,-463.0,-942.0,0.631023243387657,0.6381,1.2227,0.7245,1.06875,0.0066475,1.11115,75.57,75.6,3.6305,862.8,22.675,1964.3,4364.25,3.049,33964.0,1694.5,101.28515625,105.09375,107.5,113.0,116.96875,2.1591,2.1336
5.28,5.026,5.432,4.637,4.622,4.966,4.768,5.33,15.31,14278.66,82.73,33.54,101.08,175.17,68.51,60.03,125.56,158.68,15.31,17.29,14.58,0.932846,1.097584,-322,-119.0,-349.0,-11,400,-12767317.0,0.06315124723713293,0.8965183752417795,6.7586446158033215,-462.0,-952.0,0.6309377504675394,0.6381,1.2227,0.7245,1.06875,0.0066475,1.11105,75.56,75.6,3.63,862.8,22.675,1964.3,4364.25,3.049,33965.0,1694.5,101.28515625,105.09375,107.5,113.0,116.96875,2.1591,2.1336
5.28,5.026,5.432,4.637,4.622,4.966,4.768,5.33,15.33,14278.74,82.73,33.54,101.08,175.17,68.51,60.02,125.56,158.67,15.33,17.28,14.54,0.932846,1.097584,-322,-103.0,-331.0,-11,400,-12759027.0,0.06315124723713293,0.8965183752417795,6.759344681048514,-463.0,-943.0,0.6309377504675394,0.6381,1.2227,0.7245,1.06875,0.0066475,1.11105,75.56,75.6,3.63,862.9,22.675,1964.3,4364.75,3.049,33966.0,1694.5,101.28515625,105.09375,107.5,112.96875,116.96875,2.1591,2.1337
5.28,5.026,5.432,4.637,4.622,4.966,4.768,5.33,15.33,14279.79,82.73,33.55,101.09,175.17,68.51,60.02,125.56,158.67,15.33,17.28,14.54,0.932846,1.097584,-322,-104.0,-240.0,-11,400,-12748948.0,0.0632111251580278,0.8965183752417795,6.759344681048514,-463.0,-935.0,0.6309377504675394,0.6381,1.2228,0.7245,1.0688,0.0066475,1.1111,75.56,75.6,3.63,862.9,22.675,1964.3,4365.5,3.049,33971.0,1694.9,101.28515625,105.1015625,107.5,113.0,116.96875,2.1591,2.1337
5.28,5.026,5.432,4.637,4.622,4.966,4.768,5.33,15.33,14280.07,82.73,33.55,101.08,175.17,68.51,60.02,125.55,158.67,15.33,17.28,14.54,0.932846,1.097584,-322,-107.0,-294.0,-11,400,-12843573.0,0.06317119393556538,0.8965183752417795,6.759344681048514,-463.0,-944.0,0.6309377504675394,0.63815,1.2228,0.7245,1.0688,0.0066475,1.11115,75.56,75.6,3.63,862.9,22.675,1964.4,4365.75,3.049,33971.0,1695.0,101.28515625,105.1015625,107.515625,113.03125,116.96875,2.1591,2.1337
5.28,5.026,5.432,4.637,4.622,4.966,4.768,5.33,15.3,14280.26,82.7,33.545,101.08,175.18,68.51,60.02,125.565,158.66,15.3,17.27,14.53,0.932846,1.097584,-322,-139.0,-438.0,-11,400,-12903044.0,0.06317119393556538,0.8965183752417795,6.7593045299793255,-463.0,-963.0,0.6307692307692307,0.63815,1.2228,0.72455,1.06875,0.0066475,1.11115,75.56,75.6,3.63,862.9,22.675,1964.4,4365.5,3.049,33969.0,1695.0,101.28515625,105.1015625,107.515625,113.0,116.96875,2.1591,2.1337
5.28,5.026,5.432,4.637,4.622,4.966,4.768,5.33,15.25,14281.46,82.69,33.545,101.08,175.16,68.51,60.01,125.565,158.65,15.25,17.27,14.53,0.929225,1.09693,-322,-137.0,-427.0,-11,400,-12917464.0,0.06313131313131314,0.8965183752417795,6.760430893007152,-463.0,-964.0,0.6309377504675394,0.63815,1.2228,0.72455,1.06885,0.0066475,1.11115,75.56,75.6,3.631,862.9,22.68,1964.5,4365.5,3.049,33969.0,1695.1,101.28515625,105.1015625,107.515625,113.0,116.96875,2.1591,2.1337
5.28,5.029,5.432,4.64,4.626,4.971,4.772,5.33,15.3,14282.01,82.69,33.55,101.1,175.15,68.51,60.01,125.57,158.645,15.3,17.27,14.53,0.929225,1.09693,-322,-85.0,-406.0,-11,400,-13007205.0,0.06317119393556538,0.8960850652489124,6.759730554467539,-465.0,-960.0,0.6308522575474219,0.63825,1.2229,0.72455,1.0689,0.006648,1.11115,75.55,75.6,3.6315,863.0,22.68,1964.6,4366.25,3.049,33971.0,1695.3,101.2890625,105.1015625,107.515625,113.0,117.0,2.1591,2.1337
5.28,5.026,5.432,4.64,4.626,4.971,4.772,5.33,15.25,14282.23,82.7,33.55,101.1,175.18,68.51,60.02,125.59,158.67,15.25,17.28,14.53,0.929225,1.09693,-322,-99.0,-303.0,-11,400,-12983816.0,0.06317119393556538,0.8960850652489124,6.759730554467539,-465.0,-949.0,0.6310208444681988,0.6382,1.2229,0.72455,1.06885,0.006648,1.1113,75.55,75.59,3.631,863.0,22.675,1964.4,4365.5,3.049,33967.0,1695.3,101.2890625,105.09375,107.5,112.96875,116.9375,2.1591,2.1337
5.28,5.026,5.432,4.64,4.626,4.971,4.772,5.33,15.31,14282.16,82.7,33.55,101.09,175.18,68.51,60.01,125.585,158.67,15.31,17.28,14.53,0.929225,1.09693,-322,-98.0,-343.0,-11,400,-13001763.0,0.06317119393556538,0.8960850652489124,6.760856988487614,-465.0,-950.0,0.6310208444681988,0.6382,1.2229,0.72455,1.0689,0.006648,1.1113,75.55,75.59,3.631,863.0,22.68,1964.4,4365.75,3.049,33969.0,1695.3,101.2890625,105.1015625,107.5,112.96875,116.9375,2.1591,2.1337
5.28,5.026,5.432,4.64,4.626,4.971,4.772,5.33,15.31,14282.16,82.7,33.55,101.09,175.18,68.51,60.01,125.585,158.67,15.31,17.28,14.53,0.929225,1.09693,-322,-98.0,-343.0,-11,400,-13001763.0,0.06317119393556538,0.8960850652489124,6.760856988487614,-465.0,-950.0,0.6310208444681988,0.6382,1.2229,0.72455,1.0689,0.006648,1.1113,75.55,75.59,3.631,863.0,22.68,1964.4,4365.75,3.049,33969.0,1695.3,101.2890625,105.09375,107.484375,112.9375,116.9375,2.1591,2.1337
5.28,5.026,5.432,4.64,4.626,4.971,4.772,5.33,15.3,14282.25,82.69,33.54,101.09,175.15,68.5,60.01,125.58,158.64,15.3,17.26,14.51,0.929225,1.09693,-322,-133.0,-382.0,-11,400,-13052145.0,0.06315124723713293,0.8960850652489124,6.759762335766423,-465.0,-958.0,0.6311039828922748,0.6381,1.2229,0.7245,1.06885,0.006648,1.11135,75.55,75.59,3.6305,862.8,22.675,1964.4,4364.25,3.049,33960.0,1694.5,101.2890625,105.09375,107.484375,112.9375,116.90625,2.1591,2.1337
5.28,5.029,5.432,4.644,4.63,4.974,4.775,5.33,15.24,14282.5,82.68,33.54,101.06,175.08,68.5,60.0,125.55,158.6,15.24,17.26,14.51,0.929225,1.09693,-322,-193.0,-639.0,-11,400,-13301999.0,0.06305170239596469,0.8960850652489124,6.758057907542579,-467.0,-1011.0,0.631018444266239,0.6381,1.2228,0.7245,1.0688,0.006648,1.11135,75.55,75.59,3.6305,862.8,22.675,1964.4,4364.0,3.049,33957.0,1694.1,101.29296875,105.09375,107.5,112.96875,116.90625,2.1591,2.1337
5.28,5.029,5.432,4.644,4.63,4.974,4.775,5.33,15.3,14282.46,82.68,33.53,101.06,175.06,68.5,60.0,125.54,158.6,15.3,17.26,14.51,0.929225,1.09693,-322,-207.0,-657.0,-11,400,-13441258.0,0.06299212598425197,0.8960850652489124,6.755356690997567,-466.0,-1018.0,0.631018444266239,0.6381,1.2228,0.7245,1.0688,0.006648,1.11135,75.56,75.6,3.6305,862.8,22.675,1964.4,4364.0,3.049,33958.0,1694.2,101.29296875,105.09375,107.5,112.96875,116.90625,2.1591,2.1337
5.28,5.029,5.432,4.644,4.63,4.974,4.775,5.33,15.36,14282.65,82.69,33.53,101.07,175.06,68.5,60.0,125.55,158.56,15.36,17.26,14.49,0.929225,1.09693,-322,-207.0,-657.0,-11,400,-13494119.0,0.06299212598425197,0.8960850652489124,6.755356690997567,-466.0,-1018.0,0.631018444266239,0.6381,1.2228,0.7245,1.0688,0.006648,1.11135,75.56,75.6,3.6305,862.8,22.675,1964.6,4363.75,3.049,33957.0,1694.0,101.29296875,105.09375,107.5,112.96875,116.90625,2.1591,2.1337
5.28,5.029,5.432,4.644,4.63,4.974,4.775,5.33,15.36,14282.46,82.69,33.53,101.08,175.06,68.5,60.01,125.55,158.54,15.36,17.26,14.49,0.929225,1.09693,-322,-201.0,-612.0,-11,400,-13466728.0,0.06297229219143577,0.8960850652489124,6.751675791261068,-466.0,-1031.0,0.630975674953221,0.6381,1.2228,0.7245,1.06875,0.006648,1.1113,75.55,75.6,3.6305,862.8,22.675,1964.6,4363.5,3.049,33956.0,1694.0,101.29296875,105.09375,107.5,112.96875,116.90625,2.1591,2.1337
5.28,5.029,5.432,4.644,4.63,4.978,4.779,5.33,15.36,14282.33,82.69,33.53,101.07,175.06,68.5,60.01,125.55,158.54,15.36,17.26,14.49,0.929225,1.09693,-322,-191.0,-606.0,-11,400,-13525027.0,0.06293266205160478,0.8960850652489124,6.751675791261068,-466.0,-1027.0,0.6309329056402032,0.6381,1.2227,0.7245,1.06875,0.006648,1.1113,75.55,75.6,3.6305,862.8,22.675,1964.6,4364.0,3.047,33959.0,1694.2,101.29296875,105.09375,107.484375,112.96875,116.90625,2.1591,2.1337
5.28,5.029,5.432,4.644,4.63,4.978,4.779,5.33,15.36,14282.02,82.69,33.53,101.07,175.07,68.5,60.02,125.54,158.54,15.36,17.26,14.49,0.929225,1.09693,-322,-196.0,-584.0,-11,400,-13548060.0,0.06297229219143577,0.8934939759036145,6.750936500485239,-466.0,-1034.0,0.6309329056402032,0.6381,1.2227,0.7245,1.06875,0.006648,1.1113,75.55,75.6,3.6305,862.8,22.675,1964.6,4364.25,3.047,33962.0,1694.3,101.29296875,105.09375,107.484375,112.96875,116.90625,2.1591,2.1337
5.28,5.029,5.432,4.644,4.63,4.978,4.779,5.33,15.36,14281.98,82.695,33.53,101.08,175.07,68.5,60.02,125.54,158.54,15.36,17.25,14.5,0.929225,1.09693,-322,-179.0,-580.0,-11,400,-13509020.0,0.06295247088448222,0.8934939759036145,6.750936500485239,-465.0,-1024.0,0.6309329056402032,0.6381,1.2227,0.7245,1.06875,0.006648,1.1113,75.56,75.6,3.6305,862.8,22.675,1964.6,4364.25,3.047,33958.0,1694.2,101.29296875,105.09375,107.484375,112.9375,116.90625,2.1591,2.1337
5.28,5.029,5.432,4.647,4.634,4.978,4.779,5.33,15.36,14281.68,82.69,33.53,101.06,175.03,68.5,60.01,125.54,158.5,15.36,17.25,14.5,0.928891,1.096718,-322,-203.0,-621.0,-11,400,-13537292.0,0.06289308176100629,0.8934939759036145,6.748389793915127,-465.0,-1033.0,0.6309329056402032,0.6381,1.2227,0.7245,1.06875,0.006648,1.1113,75.56,75.6,3.6305,862.8,22.675,1964.6,4364.0,3.048,33959.0,1694.2,101.2890625,105.09375,107.484375,112.9375,116.90625,2.1591,2.1337
5.28,5.029,5.432,4.647,4.634,4.978,4.779,5.33,15.36,14281.34,82.69,33.53,101.04,175.02,68.5,60.01,125.54,158.48,15.36,17.25,14.5,0.928891,1.096718,-322,-221.0,-687.0,-11,400,-13567294.0,0.06289308176100629,0.8934939759036145,6.747578469281885,-466.0,-1077.0,0.6308901363271852,0.6381,1.2227,0.7245,1.0687,0.006648,1.1113,75.56,75.6,3.6305,862.8,22.675,1964.6,4364.0,3.046,33959.0,1694.2,101.2890625,105.0859375,107.484375,112.9375,116.90625,2.1591,2.1337
5.28,5.029,5.432,4.647,4.634,4.978,4.779,5.33,15.38,14281.09,82.69,33.53,101.06,175.02,68.5,60.01,125.54,158.49,15.38,17.27,14.53,0.928891,1.096718,-322,-177.0,-595.0,-11,400,-13535135.0,0.06289308176100629,0.8934939759036145,6.748004237736534,-466.0,-1072.0,0.6309329056402032,0.6381,1.2227,0.7245,1.0687,0.006648,1.1113,75.56,75.6,3.6305,862.8,22.675,1964.6,4364.5,3.046,33962.0,1694.5,101.2890625,105.09375,107.484375,112.9375,116.90625,2.1591,2.1337
5.28,5.029,5.432,4.647,4.634,4.978,4.779,5.33,15.38,14281.9,82.67,33.53,101.06,175.02,68.5,60.01,125.54,158.5,15.38,17.27,14.53,0.928891,1.096718,-322,-194.0,-575.0,-11,400,-13527240.0,0.06291286568103177,0.8934939759036145,6.7484300061911835,-464.0,-1049.0,0.631187165775401,0.6381,1.2227,0.7245,1.0687,0.006648,1.1113,75.56,75.6,3.6305,862.8,22.675,1964.4,4364.75,3.046,33963.0,1694.7,101.2890625,105.0859375,107.484375,112.9375,116.875,2.158,2.1337
5.28,5.029,5.432,4.647,4.634,4.978,4.779,5.33,15.34,14281.92,82.67,33.53,101.06,175.03,68.5,60.01,125.54,158.51,15.34,17.27,14.54,0.928891,1.096718,-322,-187.0,-581.0,-11,400,-13523571.0,0.06293266205160478,0.8934939759036145,6.749241379478116,-463.0,-1055.0,0.631187165775401,0.6381,1.2227,0.7245,1.0687,0.006648,1.1113,75.56,75.6,3.6305,862.8,22.675,1964.5,4364.75,3.046,33962.0,1694.6,101.2890625,105.09375,107.484375,112.9375,116.875,2.158,2.1337
5.28,5.029,5.432,4.647,4.634,4.978,4.779,5.33,15.34,14282.06,82.67,33.525,101.06,175.02,68.5,60.02,125.54,158.49,15.34,17.27,14.54,0.928891,1.096718,-322,-107.0,-419.0,-11,400,-13455271.0,0.06291286568103177,0.8934939759036145,6.748582735195325,-462.0,-1051.0,0.631187165775401,0.63815,1.2227,0.72455,1.0687,0.006648,1.1113,75.56,75.59,3.631,862.8,22.675,1964.6,4365.0,3.046,33964.0,1694.7,101.29296875,105.09375,107.484375,112.9375,116.875,2.1584,2.1337
5.28,5.029,5.432,4.647,4.634,4.978,4.779,5.33,15.34,14282.34,82.68,33.53,101.07,175.04,68.5,60.02,125.56,158.54,15.34,17.27,14.54,0.928891,1.096718,-322,-86.0,-357.0,-11,400,-13413933.0,0.06293266205160478,0.8939247830279653,6.749394046266817,-460.0,-1022.0,0.631187165775401,0.63815,1.2228,0.7245,1.06865,0.006647,1.11125,75.56,75.59,3.631,862.8,22.67,1964.3,4364.25,3.046,33962.0,1694.1,101.28515625,105.0859375,107.484375,112.9375,116.875,2.1584,2.1333
5.28,5.029,5.432,4.647,4.634,4.975,4.779,5.33,15.34,14282.38,82.68,33.53,101.06,175.03,68.5,60.02,125.55,158.54,15.34,17.27,14.54,0.928891,1.096718,-322,-114.0,-408.0,-11,400,-13373616.0,0.06289308176100629,0.8934939759036145,6.749394046266817,-460.0,-1021.0,0.631187165775401,0.6381,1.2228,0.7245,1.06865,0.006647,1.11125,75.56,75.59,3.631,862.8,22.67,1964.4,4364.75,3.047,33961.0,1694.3,101.2890625,105.0859375,107.484375,112.9375,116.875,2.1584,2.1333
5.28,5.029,5.432,4.647,4.634,4.975,4.779,5.33,15.34,14283.63,82.675,33.53,101.07,175.03,68.51,60.02,125.54,158.53,15.34,17.26,14.51,0.928891,1.096718,-322,-112.0,-410.0,-11,400,-13376594.0,0.06293266205160478,0.8934939759036145,6.747983217388102,-460.0,-1015.0,0.631187165775401,0.6381,1.2228,0.72455,1.06865,0.006647,1.11125,75.54,75.59,3.631,862.5,22.67,1964.4,4365.25,3.047,33967.0,1694.3,101.2890625,105.0859375,107.484375,112.9375,116.875,2.1584,2.1329
5.28,5.029,5.432,4.647,4.634,4.975,4.779,5.33,15.34,14283.63,82.675,33.53,101.07,175.03,68.51,60.02,125.54,158.53,15.34,17.26,14.51,0.928891,1.096718,-322,-112.0,-410.0,-11,400,-13376594.0,0.06293266205160478,0.8934939759036145,6.747983217388102,-460.0,-1015.0,0.631187165775401,0.6381,1.2228,0.72455,1.06865,0.006647,1.11125,75.55,75.59,3.631,862.5,22.675,1964.5,4365.25,3.047,33967.0,1694.3,101.2890625,105.0859375,107.484375,112.9375,116.90625,2.1584,2.1329
5.28,5.029,5.432,4.647,4.634,4.975,4.777,5.33,15.34,14283.54,82.67,33.53,101.06,175.02,68.51,60.02,125.54,158.52,15.34,17.26,14.51,0.928891,1.096718,-322,-105.0,-472.0,-11,400,-13395387.0,0.06291286568103177,0.8934939759036145,6.747172049058137,-460.0,-1018.0,0.6309329056402032,0.63815,1.2228,0.72455,1.0687,0.0066475,1.1112,75.55,75.58,3.631,862.3,22.675,1964.5,4365.75,3.047,33969.0,1694.4,101.2890625,105.0859375,107.484375,112.9375,116.90625,2.1584,2.1329
5.28,5.029,5.432,4.647,4.634,4.975,4.777,5.33,15.34,14283.06,82.67,33.53,101.06,175.0,68.51,60.0,125.54,158.52,15.34,17.26,14.51,0.928891,1.096718,-322,-147.0,-570.0,-11,400,-13434241.0,0.06291286568103177,0.8934939759036145,6.74963503649635,-458.0,-1029.0,0.6309329056402032,0.63815,1.2228,0.72455,1.06875,0.0066475,1.1112,75.55,75.58,3.631,862.3,22.675,1964.5,4366.0,3.047,33969.0,1694.6,101.2890625,105.0859375,107.484375,112.96875,116.9375,2.1584,2.1329
5.28,5.029,5.432,4.647,4.634,4.978,4.777,5.33,15.36,14283.0,82.68,33.53,101.06,175.02,68.5,60.01,125.54,158.52,15.36,17.26,14.51,0.927491,1.096563,-322,-166.0,-561.0,-11,400,-13457288.0,0.06291286568103177,0.8934939759036145,6.749667172259612,-459.0,-1038.0,0.6307642971672902,0.6382,1.2228,0.72455,1.06875,0.0066475,1.1112,75.54,75.58,3.631,862.4,22.675,1964.6,4366.0,3.047,33969.0,1694.5,101.2890625,105.0859375,107.484375,112.96875,116.9375,2.1584,2.1329
5.28,5.029,5.432,4.647,4.634,4.978,4.777,5.33,15.36,14282.82,82.68,33.53,101.06,175.03,68.5,60.01,125.54,158.52,15.36,17.26,14.51,0.927491,1.096563,-322,-101.0,-426.0,-11,400,-13382095.0,0.06291286568103177,0.8934939759036145,6.749667172259612,-460.0,-1025.0,0.6305957787870693,0.6382,1.2228,0.72455,1.0687,0.0066475,1.1112,75.54,75.58,3.631,862.4,22.675,1964.5,4366.0,3.047,33969.0,1694.6,101.2890625,105.0859375,107.484375,113.0,116.96875,2.1584,2.1329
5.28,5.029,5.432,4.647,4.634,4.978,4.777,5.33,15.36,14282.05,82.67,33.53,101.05,174.98,68.5,60.0,125.52,158.52,15.36,17.26,14.51,0.927491,1.096563,-322,-115.0,-482.0,-11,400,-13439941.0,0.06285355122564425,0.8934939759036145,6.74773902646396,-459.0,-1027.0,0.6305957787870693,0.6382,1.2228,0.72455,1.06875,0.0066475,1.1112,75.54,75.59,3.631,862.4,22.675,1964.5,4365.5,3.047,33967.0,1694.3,101.2890625,105.0859375,107.484375,113.0,116.96875,2.1584,2.1329
5.28,5.029,5.432,4.647,4.634,4.978,4.777,5.33,15.39,14281.89,82.67,33.53,101.05,174.98,68.5,60.0,125.52,158.52,15.39,17.25,14.49,0.927491,1.096563,-322,-112.0,-536.0,-11,400,-13501012.0,0.06283380458686774,0.8934939759036145,6.7488636496350365,-460.0,-1037.0,0.6305102858669517,0.6382,1.2228,0.72455,1.06875,0.0066475,1.1112,75.54,75.59,3.631,862.5,22.675,1964.5,4365.75,3.047,33967.0,1694.4,101.2890625,105.0859375,107.484375,113.0,116.96875,2.1584,2.1329
5.28,5.029,5.432,4.647,4.634,4.978,4.777,5.33,15.39,14282.27,82.67,33.53,101.05,175.0,68.5,60.0,125.53,158.52,15.39,17.25,14.49,0.927491,1.096563,-322,-121.0,-526.0,-11,400,-13493990.0,0.06285355122564425,0.8934939759036145,6.74963503649635,-461.0,-1034.0,0.6305102858669517,0.6382,1.2228,0.72455,1.0687,0.0066475,1.1112,75.54,75.59,3.631,862.5,22.675,1964.5,4365.75,3.047,33968.0,1694.4,101.28515625,105.0859375,107.484375,113.0,116.96875,2.1584,2.1329
5.28,5.029,5.432,4.647,4.634,4.978,4.777,5.33,15.39,14282.15,82.67,33.525,101.05,175.0,68.5,59.995,125.53,158.52,15.39,17.25,14.49,0.927491,1.096563,-322,-116.0,-502.0,-11,400,-13553060.0,0.06285355122564425,0.8934939759036145,6.750197552959096,-461.0,-1039.0,0.6305102858669517,0.6382,1.2228,0.72455,1.0687,0.0066475,1.1112,75.54,75.59,3.631,862.4,22.675,1964.5,4365.75,3.046,33968.0,1694.4,101.28515625,105.0859375,107.484375,113.0,116.96875,2.1584,2.1329
5.28,5.029,5.432,4.647,4.634,4.978,4.777,5.33,15.39,14282.43,82.67,33.53,101.06,175.0,68.5,59.99,125.53,158.52,15.39,17.25,14.49,0.927491,1.096563,-322,-101.0,-503.0,-11,400,-13562759.0,0.06285355122564425,0.8934939759036145,6.750760163190215,-461.0,-1034.0,0.6305957787870693,0.6382,1.2228,0.72455,1.0687,0.0066475,1.1112,75.54,75.59,3.631,862.4,22.675,1964.5,4365.5,3.046,33965.0,1694.2,101.28515625,105.09375,107.484375,113.0,116.96875,2.1584,2.1329
5.28,5.029,5.432,4.647,4.634,4.978,4.777,5.33,15.36,14282.78,82.67,33.53,101.06,175.0,68.5,59.99,125.52,158.55,15.36,17.27,14.53,0.927491,1.096563,-322,-56.0,-369.0,-11,400,-13487650.0,0.06285355122564425,0.8934939759036145,6.750912408759125,-461.0,-993.0,0.6305957787870693,0.6382,1.2228,0.7246,1.0687,0.006647,1.1112,75.56,75.6,3.631,862.4,22.675,1964.5,4365.5,3.046,33965.0,1694.1,101.2890625,105.09375,107.5,113.0,116.96875,2.1584,2.1329
5.28,5.029,5.432,4.647,4.634,4.975,4.78,5.33,15.36,14282.99,82.67,33.53,101.07,175.015,68.5,60.0,125.52,158.56,15.36,17.27,14.53,0.927491,1.096563,-322,-60.0,-327.0,-11,400,-13456781.0,0.06289308176100629,0.8930635838150288,6.751916885644769,-461.0,-990.0,0.6305957787870693,0.6382,1.2227,0.72455,1.0687,0.006647,1.1112,75.55,75.6,3.631,862.4,22.675,1964.5,4365.5,3.046,33966.0,1694.2,101.2890625,105.09375,107.5,113.0,116.96875,2.1584,2.1329
5.28,5.029,5.432,4.647,4.634,4.978,4.777,5.33,15.36,14283.22,82.67,33.53,101.07,175.04,68.5,60.01,125.53,158.57,15.36,17.27,14.53,0.927491,1.096563,-322,-60.0,-323.0,-11,400,-13479251.0,0.06293266205160478,0.8930635838150288,6.752181886960447,-462.0,-980.0,0.6305957787870693,0.6382,1.2228,0.7246,1.06875,0.006647,1.11125,75.55,75.6,3.631,862.4,22.685,1964.7,4366.25,3.046,33970.0,1694.6,101.29296875,105.1015625,107.515625,113.0,116.96875,2.1584,2.1329
5.28,5.029,5.432,4.647,4.634,4.978,4.777,5.33,15.27,14286.02,82.69,33.54,101.08,175.05,68.515,60.04,125.54,158.57,15.27,17.29,14.55,0.927491,1.096563,-322,-26.0,-135.0,-11,400,-13299202.0,0.06295247088448222,0.8930635838150288,6.747716001247169,-461.0,-941.0,0.6303418803418803,0.6382,1.2228,0.7246,1.06875,0.006647,1.11125,75.55,75.6,3.631,862.4,22.685,1964.7,4366.25,3.046,33969.0,1694.5,101.29296875,105.1015625,107.515625,113.0,117.0,2.1584,2.1329
5.28,5.029,5.432,4.647,4.634,4.978,4.777,5.33,15.37,14287.46,82.69,33.54,101.095,175.06,68.515,60.04,125.55,158.57,15.37,17.29,14.55,0.927491,1.096563,-322,15.0,-35.0,-11,400,-13193046.0,0.06293266205160478,0.8930635838150288,6.7481014748833426,-460.0,-921.0,0.6304273504273504,0.6382,1.2228,0.7246,1.06875,0.006647,1.11125,75.55,75.6,3.631,862.4,22.685,1964.8,4366.0,3.047,33967.0,1694.5,101.29296875,105.1015625,107.515625,113.0,117.0,2.1584,2.1329
5.28,5.029,5.432,4.647,4.634,4.978,4.78,5.33,15.37,14286.91,82.69,33.54,101.09,175.06,68.51,60.05,125.53,158.57,15.37,17.29,14.55,0.927491,1.096563,-322,7.0,-32.0,-11,400,-13179792.0,0.06291286568103177,0.8939247830279653,6.747470136001831,-461.0,-911.0,0.6303418803418803,0.6382,1.2228,0.7246,1.06875,0.006647,1.11125,75.55,75.6,3.631,862.4,22.68,1964.7,4365.75,3.047,33966.0,1694.4,101.29296875,105.1015625,107.515625,113.0,117.0,2.1584,2.1329
5.28,5.031,5.432,4.649,4.634,4.978,4.78,5.33,15.37,14285.9,82.69,33.53,101.08,175.03,68.51,60.04,125.53,158.58,15.37,17.29,14.55,0.927491,1.096563,-322,-41.0,-254.0,-11,400,-13279730.0,0.06289308176100629,0.8930635838150288,6.747011941924378,-460.0,-911.0,0.6303418803418803,0.6382,1.2228,0.7246,1.06875,0.006647,1.11125,75.55,75.6,3.631,862.4,22.68,1964.7,4366.0,3.047,33968.0,1694.4,101.29296875,105.109375,107.515625,113.03125,117.0,2.1584,2.1329
5.28,5.031,5.432,4.649,4.634,4.978,4.78,5.33,15.37,14286.4,82.71,33.53,101.08,175.06,68.51,60.04,125.53,158.56,15.37,17.28,14.53,0.927491,1.096563,-322,-13.0,-174.0,-11,400,-13214722.0,0.06293266205160478,0.8930635838150288,6.748168374297445,-458.0,-919.0,0.6304273504273504,0.6382,1.2228,0.7246,1.06875,0.006647,1.11125,75.56,75.59,3.631,862.4,22.675,1964.7,4366.0,3.047,33968.0,1694.3,101.29296875,105.1015625,107.515625,113.03125,117.0,2.1584,2.1329
5.28,5.031,5.432,4.649,4.634,4.978,4.78,5.33,15.37,14286.5,82.71,33.535,101.08,175.08,68.51,60.05,125.54,158.56,15.37,17.28,14.53,0.92714,1.096252,-322,-16.0,-139.0,-11,400,-13185495.0,0.06297229219143577,0.894356005788712,6.747815442563495,-458.0,-919.0,0.6304273504273504,0.6382,1.2228,0.7246,1.06875,0.006647,1.11125,75.56,75.59,3.631,862.4,22.675,1964.7,4365.75,3.047,33968.0,1694.3,101.29296875,105.1015625,107.515625,113.03125,117.0,2.1584,2.1329
5.28,5.031,5.432,4.649,4.634,4.978,4.78,5.33,15.37,14286.59,82.71,33.54,101.09,175.08,68.52,60.05,125.55,158.66,15.37,17.28,14.53,0.92714,1.096252,-322,25.0,-51.0,-11,400,-13098298.0,0.06305170239596469,0.8956521739130434,6.751085712285881,-461.0,-918.0,0.6304273504273504,0.6382,1.2228,0.7246,1.06875,0.006647,1.11125,75.55,75.59,3.631,862.4,22.675,1964.6,4365.75,3.047,33965.0,1694.4,101.29296875,105.09375,107.515625,113.03125,117.0,2.1584,2.1329
5.28,5.031,5.432,4.649,4.63,4.975,4.777,5.33,15.37,14289.46,82.71,33.545,101.1,175.08,68.52,60.05,125.56,158.68,15.37,17.28,14.53,0.92714,1.096252,-322,55.0,45.0,-11,400,-12905942.0,0.06305170239596469,0.895219700627716,6.751936725233352,-460.0,-908.0,0.6304273504273504,0.6382,1.2228,0.7246,1.06875,0.006647,1.11125,75.55,75.59,3.631,862.4,22.675,1964.6,4365.5,3.047,33964.0,1694.1,101.29296875,105.1015625,107.515625,113.03125,117.0,2.1584,2.1329
5.28,5.031,5.432,4.649,4.63,4.975,4.777,5.33,15.34,14289.81,82.69,33.54,101.1,175.09,68.52,60.06,125.56,158.67,15.34,17.28,14.52,0.92714,1.096252,-322,22.0,-6.0,-11,400,-12958798.0,0.06303183107469272,0.8947876447876448,6.750772651166696,-459.0,-906.0,0.630173564753004,0.6382,1.2228,0.7246,1.06875,0.006647,1.1113,75.57,75.6,3.631,862.4,22.675,1964.6,4365.5,3.047,33965.0,1694.3,101.29296875,105.1015625,107.515625,113.03125,117.03125,2.1587,2.1333
5.28,5.031,5.432,4.649,4.634,4.975,4.777,5.33,15.34,14289.53,82.69,33.54,101.1,175.09,68.52,60.06,125.57,158.67,15.34,17.28,14.52,0.92714,1.096252,-322,35.0,32.0,-11,400,-12959620.0,0.06305170239596469,0.8947876447876448,6.750772651166696,-461.0,-898.0,0.630173564753004,0.6382,1.2227,0.7246,1.06875,0.006647,1.1113,75.57,75.6,3.631,862.4,22.675,1964.7,4365.0,3.047,33964.0,1694.2,101.29296875,105.1015625,107.515625,113.03125,117.03125,2.1587,2.1333
5.28,5.031,5.432,4.649,4.634,4.975,4.777,5.33,15.34,14289.53,82.69,33.54,101.1,175.09,68.52,60.06,125.57,158.67,15.34,17.28,14.52,0.92714,1.096252,-322,14.0,9.0,-11,400,-12959620.0,0.06305170239596469,0.8947876447876448,6.750772651166696,-463.0,-899.0,0.630173564753004,0.6382,1.2227,0.7246,1.06875,0.006647,1.1113,75.57,75.6,3.631,862.4,22.675,1964.7,4365.0,3.047,33964.0,1694.2,101.29296875,105.1015625,107.515625,113.03125,117.03125,2.1587,2.1333
5.28,5.031,5.432,4.649,4.634,4.975,4.777,5.33,15.27,14289.13,82.68,33.54,101.09,175.12,68.52,60.04,125.56,158.67,15.27,17.29,14.54,0.92714,1.096252,-322,-48.0,9.0,-11,400,-12961802.0,0.06305170239596469,0.895219700627716,6.754178475295513,-462.0,-904.0,0.630173564753004,0.63815,1.2227,0.7246,1.0687,0.006647,1.1113,75.57,75.61,3.631,862.4,22.675,1964.6,4364.0,3.047,33957.0,1693.5,101.29296875,105.1015625,107.515625,113.03125,117.03125,2.1587,2.1333
5.28,5.035,5.432,4.649,4.634,4.975,4.777,5.33,15.34,14288.98,82.68,33.53,101.08,175.08,68.5,60.03,125.55,158.66,15.34,17.29,14.54,0.92714,1.096252,-322,-113.0,-358.0,-11,400,-13072922.0,0.06301197227473221,0.895219700627716,6.755306726198944,-461.0,-909.0,0.6305102858669517,0.63815,1.2227,0.72455,1.06865,0.006647,1.1112,75.57,75.61,3.631,862.4,22.675,1964.5,4363.5,3.047,33955.0,1693.4,101.2890625,105.1015625,107.515625,113.0,116.96875,2.1587,2.1333
5.28,5.035,5.432,4.649,4.634,4.975,4.777,5.33,15.34,14288.91,82.68,33.53,101.08,175.11,68.5,60.05,125.56,158.68,15.34,17.29,14.54,0.92714,1.096252,-322,-117.0,-294.0,-11,400,-13022986.0,0.06305170239596469,0.895219700627716,6.7561904715591075,-461.0,-901.0,0.6305957787870693,0.63815,1.2227,0.72455,1.06865,0.006647,1.1112,75.58,75.61,3.631,862.4,22.675,1964.5,4363.75,3.046,33956.0,1693.3,101.2890625,105.1015625,107.5,113.0,116.96875,2.1587,2.1333
5.28,5.035,5.432,4.649,4.634,4.975,4.777,5.33,15.34,14288.91,82.68,33.53,101.08,175.11,68.5,60.05,125.56,158.68,15.34,17.29,14.54,0.92714,1.096252,-322,-99.0,-294.0,-11,400,-13022986.0,0.06305170239596469,0.895219700627716,6.7561904715591075,-460.0,-910.0,0.6305957787870693,0.63815,1.2227,0.72455,1.06865,0.006647,1.1112,75.57,75.61,3.631,862.4,22.675,1964.5,4363.75,3.046,33956.0,1693.3,101.2890625,105.1015625,107.5,113.0,116.96875,2.1587,2.1333
5.28,5.035,5.432,4.649,4.634,4.975,4.777,5.33,15.34,14288.91,82.68,33.53,101.08,175.11,68.5,60.05,125.56,158.68,15.34,17.29,14.54,0.92714,1.096252,-322,-99.0,-294.0,-11,400,-13022986.0,0.06305170239596469,0.895219700627716,6.7561904715591075,-460.0,-910.0,0.6305957787870693,0.63815,1.2227,0.72455,1.06865,0.006647,1.1112,75.57,75.61,3.631,862.4,22.675,1964.5,4363.75,3.046,33956.0,1693.3,101.2890625,105.1015625,107.5,113.0,116.96875,2.1587,2.1333
5.28,5.035,5.432,4.649,4.634,4.975,4.777,5.33,15.34,14288.22,82.68,33.53,101.08,175.11,68.5,60.05,125.565,158.69,15.34,17.28,14.51,0.92714,1.096252,-322,-76.0,-231.0,-11,400,-12974137.0,0.06305170239596469,0.895219700627716,6.755491081033445,-458.0,-894.0,0.6305957787870693,0.6381,1.2227,0.7245,1.06855,0.0066475,1.1112,75.56,75.61,3.631,862.4,22.675,1964.5,4362.5,3.046,33947.0,1692.8,101.2890625,105.1015625,107.5,113.0,116.96875,2.1587,2.1333
5.28,5.035,5.432,4.649,4.634,4.972,4.777,5.33,15.34,14288.19,82.69,33.54,101.08,175.12,68.5,60.05,125.57,158.69,15.34,17.28,14.51,0.92714,1.096252,-322,-56.0,-147.0,-11,400,-12953427.0,0.06311139160618491,0.8956521739130434,6.755876866601433,-459.0,-890.0,0.6304273504273504,0.63805,1.2226,0.7245,1.06855,0.0066475,1.11115,75.56,75.61,3.6305,862.4,22.675,1964.4,4362.5,3.046,33950.0,1692.9,101.2890625,105.1015625,107.5,113.0,117.0,2.1587,2.1333
5.28,5.035,5.432,4.649,4.634,4.972,4.774,5.33,15.25,14288.07,82.68,33.54,101.08,175.12,68.5,60.04,125.56,158.69,15.25,17.27,14.5,0.92714,1.096252,-322,-80.0,-205.0,-11,400,-12965111.0,0.06309148264984227,0.8956521739130434,6.7562303962808254,-457.0,-890.0,0.6304273504273504,0.63805,1.2226,0.7245,1.06855,0.0066475,1.11115,75.56,75.61,3.6305,862.4,22.675,1964.4,4362.0,3.046,33945.0,1692.6,101.2890625,105.1015625,107.515625,113.0,117.0,2.1587,2.1333
5.28,5.035,5.432,4.649,4.634,4.972,4.774,5.33,15.31,14288.31,82.67,33.54,101.08,175.1,68.51,60.04,125.56,158.69,15.31,17.27,14.5,0.926911,1.096622,-322,-90.0,-284.0,-11,400,-13011081.0,0.06309148264984227,0.8956521739130434,6.755244229240059,-457.0,-898.0,0.6303418803418803,0.63805,1.2226,0.7245,1.0686,0.0066475,1.11115,75.56,75.61,3.6305,862.4,22.675,1964.4,4362.25,3.046,33947.0,1692.7,101.2890625,105.1015625,107.515625,113.0,117.0,2.1587,2.1333
5.28,5.035,5.432,4.647,4.63,4.972,4.774,5.33,15.31,14288.3,82.67,33.54,101.08,175.1,68.51,60.05,125.54,158.68,15.31,17.27,14.5,0.926911,1.096622,-322,-99.0,-264.0,-11,400,-12983121.0,0.06309148264984227,0.8956521739130434,6.753693675452425,-455.0,-904.0,0.6303418803418803,0.63805,1.2226,0.7245,1.0686,0.0066475,1.11115,75.57,75.61,3.6305,862.4,22.675,1964.4,4362.0,3.046,33946.0,1692.7,101.2890625,105.1015625,107.5,113.0,117.0,2.1587,2.1333
5.28,5.035,5.432,4.647,4.63,4.972,4.774,5.33,15.31,14288.57,82.67,33.54,101.08,175.09,68.51,60.05,125.55,158.69,15.31,17.27,14.5,0.926911,1.096622,-322,-127.0,-289.0,-11,400,-12990499.0,0.06307158625039419,0.8956521739130434,6.754119292649013,-456.0,-909.0,0.6303418803418803,0.638,1.2226,0.7245,1.0686,0.0066475,1.11115,75.56,75.6,3.6305,862.4,22.675,1964.4,4362.0,3.046,33945.0,1692.7,101.2890625,105.1015625,107.5,113.03125,117.0,2.1587,2.1333
5.28,5.035,5.432,4.647,4.63,4.972,4.774,5.33,15.31,14288.57,82.67,33.54,101.08,175.09,68.51,60.05,125.55,158.69,15.31,17.27,14.5,0.926911,1.096622,-322,-127.0,-289.0,-11,400,-12990499.0,0.06307158625039419,0.8956521739130434,6.754119292649013,-456.0,-909.0,0.6303418803418803,0.638,1.2226,0.7245,1.0686,0.0066475,1.11115,75.57,75.6,3.6305,862.4,22.675,1964.4,4362.0,3.046,33945.0,1692.7,101.2890625,105.1015625,107.5,113.03125,117.0,2.1587,2.1333
5.28,5.035,5.432,4.647,4.63,4.972,4.774,5.33,15.34,14288.43,82.69,33.54,101.09,175.12,68.52,60.07,125.56,158.69,15.34,17.27,14.5,0.926911,1.096622,-322,-71.0,-176.0,-11,400,-12851907.0,0.06319115323854661,0.8965183752417795,6.751094309773806,-455.0,-919.0,0.6304273504273504,0.63805,1.2226,0.7245,1.0686,0.0066475,1.11115,75.57,75.6,3.6305,862.4,22.675,1964.4,4362.5,3.046,33948.0,1692.8,101.2890625,105.1015625,107.5,113.03125,117.0,2.1587,2.1333
5.28,5.035,5.432,4.647,4.63,4.972,4.771,5.33,15.34,14288.71,82.69,33.54,101.09,175.12,68.52,60.075,125.56,158.7,15.34,17.27,14.5,0.926911,1.096622,-322,-120.0,-297.0,-11,400,-12892027.0,0.06317119393556538,0.8965183752417795,6.751094309773806,-455.0,-920.0,0.6304273504273504,0.63805,1.2226,0.7245,1.0686,0.0066475,1.11115,75.57,75.61,3.6305,862.4,22.675,1964.4,4362.5,3.046,33948.0,1693.0,101.28515625,105.1015625,107.515625,113.03125,117.0,2.1587,2.1333
5.28,5.035,5.432,4.647,4.63,4.972,4.771,5.33,15.34,14288.68,82.69,33.54,101.09,175.1,68.52,60.07,125.54,158.7,15.34,17.27,14.5,0.926911,1.096622,-322,-90.0,-278.0,-11,400,-12925434.0,0.06319115323854661,0.8965183752417795,6.751310569659389,-452.0,-919.0,0.6304273504273504,0.63805,1.2226,0.7245,1.0686,0.0066475,1.11115,75.57,75.61,3.6305,862.4,22.675,1964.3,4362.5,3.046,33947.0,1693.0,101.28515625,105.09375,107.515625,113.03125,117.0,2.1587,2.1333
5.28,5.035,5.432,4.647,4.63,4.972,4.771,5.33,15.31,14285.67,82.68,33.54,101.07,175.08,68.51,60.05,125.53,158.64,15.31,17.29,14.52,0.926911,1.096622,-322,-160.0,-577.0,-11,400,-13129239.0,0.06311139160618491,0.8956521739130434,6.750063168057661,-453.0,-946.0,0.6305102858669517,0.63805,1.2226,0.7245,1.0686,0.0066475,1.1112,75.57,75.61,3.6305,862.4,22.675,1964.3,4362.5,3.046,33945.0,1692.9,101.2890625,105.09375,107.515625,113.03125,116.96875,2.1587,2.1333
5.28,5.035,5.432,4.647,4.63,4.972,4.771,5.33,15.31,14284.09,82.67,33.54,101.06,175.05,68.51,60.05,125.54,158.64,15.31,17.29,14.52,0.926911,1.096622,-322,-174.0,-576.0,-11,400,-13205543.0,0.06315124723713293,0.8956521739130434,6.750063168057661,-454.0,-964.0,0.6303418803418803,0.63805,1.2225,0.7245,1.0686,0.006647,1.1112,75.57,75.61,3.6305,862.4,22.67,1964.3,4362.5,3.046,33945.0,1692.8,101.2890625,105.09375,107.515625,113.03125,117.0,2.1587,2.1333
5.28,5.035,5.432,4.647,4.63,4.972,4.771,5.33,15.31,14283.73,82.67,33.54,101.06,175.06,68.51,60.04,125.54,158.64,15.31,17.29,14.52,0.926911,1.096622,-322,-212.0,-548.0,-11,400,-13161357.0,0.06313131313131314,0.8956521739130434,6.751573101025142,-455.0,-960.0,0.6304247929468341,0.63805,1.2226,0.7245,1.0686,0.006647,1.1112,75.58,75.62,3.6305,862.4,22.67,1964.3,4362.25,3.046,33945.0,1692.8,101.2890625,105.09375,107.5,113.0,116.96875,2.1587,2.1333
5.28,5.035,5.432,4.647,4.63,4.972,4.774,5.33,15.36,14282.83,82.67,33.54,101.06,175.07,68.515,60.05,125.53,158.62,15.36,17.29,14.53,0.926911,1.096622,-322,-210.0,-567.0,-11,400,-13335405.0,0.06309148264984227,0.8947876447876448,6.749490703306611,-455.0,-980.0,0.6304247929468341,0.63805,1.2226,0.7245,1.0686,0.006647,1.1112,75.58,75.62,3.6305,862.4,22.67,1964.2,4362.5,3.046,33945.0,1692.9,101.2890625,105.1015625,107.5,113.0,116.96875,2.1587,2.1333
5.28,5.035,5.432,4.647,4.63,4.972,4.774,5.33,15.36,14279.48,82.67,33.53,101.05,175.05,68.515,60.05,125.53,158.59,15.36,17.29,14.53,0.926911,1.096622,-322,-210.0,-567.0,-11,400,-13472980.0,0.06309148264984227,0.8947876447876448,6.749490703306611,-455.0,-980.0,0.6304247929468341,0.63805,1.2226,0.7245,1.06865,0.006647,1.11125,75.58,75.62,3.632,862.4,22.67,1964.2,4362.5,3.046,33945.0,1693.0,101.2890625,105.109375,107.515625,113.03125,117.0,2.1587,2.1333
5.28,5.035,5.432,4.647,4.63,4.972,4.774,5.33,15.35,14279.26,82.66,33.52,101.04,175.02,68.51,60.05,125.52,158.58,15.35,17.28,14.5,0.926911,1.096622,-322,-233.0,-742.0,-11,400,-13542979.0,0.06301197227473221,0.8947876447876448,6.746779231193391,-453.0,-1019.0,0.6303393000267166,0.63805,1.2226,0.7245,1.06865,0.006647,1.11125,75.59,75.62,3.632,862.4,22.67,1964.3,4362.5,3.046,33946.0,1693.0,101.2890625,105.1015625,107.515625,113.03125,116.96875,2.1587,2.1333
5.28,5.035,5.432,4.647,4.63,4.975,4.774,5.33,15.35,14277.99,82.67,33.52,101.04,175.04,68.51,60.05,125.52,158.58,15.35,17.28,14.5,0.92558,1.096182,-322,-241.0,-746.0,-11,400,-13565855.0,0.06301197227473221,0.8947876447876448,6.747124732211796,-454.0,-1035.0,0.6303393000267166,0.63805,1.2226,0.7245,1.06865,0.006647,1.11125,75.59,75.63,3.632,862.4,22.67,1964.2,4362.75,3.046,33945.0,1693.0,101.29296875,105.1015625,107.515625,113.03125,116.96875,2.1587,2.1333
5.28,5.035,5.432,4.649,4.63,4.975,4.774,5.33,15.35,14277.87,82.67,33.52,101.05,175.05,68.51,60.05,125.52,158.62,15.35,17.28,14.5,0.92558,1.096182,-322,-258.0,-705.0,-11,400,-13512516.0,0.06303183107469272,0.8947876447876448,6.749212176735416,-457.0,-1045.0,0.6303393000267166,0.63805,1.2226,0.7245,1.06865,0.006647,1.11125,75.58,75.62,3.6325,862.4,22.67,1964.2,4363.0,3.046,33945.0,1693.1,101.29296875,105.1015625,107.515625,113.03125,116.96875,2.1587,2.1333
5.28,5.035,5.432,4.649,4.632,4.975,4.774,5.33,15.35,14277.97,82.67,33.52,101.06,175.05,68.51,60.04,125.52,158.62,15.35,17.28,14.5,0.92558,1.096182,-322,-231.0,-677.0,-11,400,-13462597.0,0.06303183107469272,0.8947876447876448,6.750336296018682,-454.0,-1032.0,0.6303393000267166,0.63805,1.2226,0.7245,1.06865,0.006647,1.11125,75.58,75.62,3.6325,862.4,22.67,1964.2,4362.5,3.046,33944.0,1693.0,101.29296875,105.1015625,107.515625,113.03125,116.96875,2.1587,2.1333
5.28,5.035,5.432,4.649,4.632,4.975,4.774,5.33,15.36,14277.87,82.67,33.52,101.06,175.05,68.51,60.03,125.51,158.62,15.36,17.27,14.49,0.92558,1.096182,-322,-207.0,-645.0,-11,400,-13501498.0,0.06303183107469272,0.8947876447876448,6.751460789821117,-454.0,-1024.0,0.6303393000267166,0.6381,1.2227,0.7245,1.0687,0.0066475,1.11125,75.58,75.62,3.6325,862.4,22.675,1964.2,4363.25,3.046,33947.0,1693.3,101.2890625,105.1015625,107.515625,113.03125,116.96875,2.1587,2.1333
5.28,5.035,5.432,4.649,4.632,4.972,4.774,5.33,15.36,14278.52,82.67,33.52,101.06,175.05,68.51,60.03,125.51,158.62,15.36,17.27,14.49,0.92558,1.096182,-322,-216.0,-684.0,-11,400,-13579439.0,0.06303183107469272,0.8947876447876448,6.751460789821117,-455.0,-1036.0,0.6301709401709402,0.6381,1.2227,0.72455,1.06875,0.006648,1.1114,75.58,75.62,3.6325,862.7,22.68,1964.3,4364.5,3.046,33953.0,1693.7,101.29296875,105.109375,107.53125,113.0625,117.0,2.1587,2.1333
5.28,5.035,5.432,4.649,4.632,4.972,4.774,5.33,15.36,14278.57,82.66,33.52,101.06,175.05,68.51,60.03,125.51,158.62,15.36,17.27,14.49,0.92558,1.096182,-322,-225.0,-689.0,-11,400,-13635156.0,0.06301197227473221,0.8947876447876448,6.751460789821117,-452.0,-1041.0,0.6300026702269693,0.63815,1.2228,0.72455,1.0688,0.006648,1.1114,75.58,75.62,3.6325,862.7,22.68,1964.3,4364.25,3.048,33953.0,1693.9,101.29296875,105.109375,107.53125,113.0625,117.03125,2.1587,2.1333
5.28,5.035,5.432,4.649,4.632,4.975,4.774,5.33,15.36,14278.53,82.66,33.52,101.06,175.05,68.51,60.03,125.51,158.62,15.36,17.27,14.49,0.92558,1.096182,-322,-235.0,-727.0,-11,400,-13701133.0,0.06303183107469272,0.8939247830279653,6.751460789821117,-452.0,-1046.0,0.6300026702269693,0.63815,1.2228,0.7246,1.0688,0.006648,1.1114,75.58,75.62,3.6325,862.7,22.68,1964.3,4364.75,3.048,33957.0,1693.9,101.2890625,105.109375,107.53125,113.0625,117.03125,2.1587,2.1333
5.28,5.035,5.432,4.649,4.632,4.975,4.774,5.33,15.36,14278.5,82.66,33.52,101.06,175.04,68.51,60.02,125.51,158.64,15.36,17.29,14.52,0.92558,1.096182,-322,-195.0,-690.0,-11,400,-13690821.0,0.06301197227473221,0.8939247830279653,6.753051274544741,-449.0,-1040.0,0.6299172229639519,0.63815,1.2227,0.7246,1.0688,0.006648,1.1114,75.58,75.62,3.632,862.7,22.68,1964.3,4364.5,3.047,33956.0,1693.8,101.29296875,105.109375,107.53125,113.0625,117.03125,2.1587,2.1333
5.28,5.035,5.432,4.649,4.632,4.975,4.774,5.33,15.36,14277.69,82.65,33.52,101.03,175.02,68.51,60.01,125.49,158.62,15.36,17.29,14.52,0.92558,1.096182,-322,-242.0,-830.0,-11,400,-13760825.0,0.06293266205160478,0.8934939759036145,6.752167637316127,-451.0,-1079.0,0.6299172229639519,0.63815,1.2227,0.7246,1.0688,0.006648,1.1114,75.56,75.6,3.632,862.7,22.68,1964.3,4364.5,3.047,33957.0,1693.9,101.2890625,105.109375,107.515625,113.0625,117.03125,2.1587,2.1333
5.28,5.035,5.432,4.649,4.632,4.975,4.774,5.33,15.36,14277.34,82.65,33.52,101.03,175.01,68.5,60.005,125.48,158.62,15.36,17.29,14.52,0.92558,1.096182,-322,-242.0,-830.0,-11,400,-13760825.0,0.06293266205160478,0.8934939759036145,6.752167637316127,-451.0,-1079.0,0.6299172229639519,0.6382,1.2228,0.7246,1.0688,0.006648,1.1114,75.56,75.6,3.6325,862.7,22.685,1964.4,4364.75,3.047,33956.0,1693.8,101.29296875,105.109375,107.515625,113.03125,116.96875,2.1587,2.1333
5.28,5.035,5.432,4.649,4.632,4.975,4.774,5.33,15.36,14278.1,82.65,33.52,101.04,175.03,68.5,60.0,125.49,158.62,15.36,17.3,14.54,0.92558,1.096182,-322,-220.0,-763.0,-11,400,-13782505.0,0.06295247088448222,0.8934939759036145,6.7550507542579075,-452.0,-1087.0,0.630253807106599,0.6382,1.2228,0.72455,1.0688,0.006648,1.1114,75.55,75.6,3.6325,862.7,22.685,1964.3,4364.25,3.047,33955.0,1693.7,101.2890625,105.109375,107.515625,113.03125,116.96875,2.1587,2.1333
5.28,5.035,5.432,4.649,4.632,4.975,4.774,5.33,15.37,14278.04,82.64,33.52,101.04,175.03,68.5,60.0,125.5,158.59,15.37,17.3,14.54,0.92558,1.096182,-322,-227.0,-779.0,-11,400,-13869388.0,0.06293266205160478,0.8934939759036145,6.753773163017032,-454.0,-1093.0,0.630253807106599,0.63815,1.2228,0.72455,1.0688,0.006648,1.1114,75.55,75.6,3.6325,862.5,22.68,1964.3,4364.5,3.048,33955.0,1693.8,101.29296875,105.109375,107.515625,113.03125,116.96875,2.1587,2.1333
5.28,5.035,5.432,4.649,4.632,4.975,4.774,5.33,15.37,14278.36,82.65,33.52,101.05,175.03,68.5,60.0,125.51,158.62,15.37,17.3,14.54,0.92558,1.096182,-322,-163.0,-637.0,-11,400,-13794776.0,0.06297229219143577,0.8934939759036145,6.755476618004867,-454.0,-1081.0,0.6300026702269693,0.63815,1.2228,0.72455,1.06885,0.006648,1.1114,75.55,75.6,3.6325,862.5,22.68,1964.2,4364.5,3.048,33955.0,1693.9,101.29296875,105.109375,107.53125,113.03125,117.03125,2.1587,2.1333
5.28,5.035,5.432,4.649,4.632,4.975,4.774,5.33,15.37,14279.31,82.65,33.52,101.05,175.05,68.51,60.0,125.52,158.63,15.37,17.3,14.54,0.92558,1.096182,-322,-128.0,-518.0,-11,400,-13720247.0,0.06301197227473221,0.894356005788712,6.755262370456868,-453.0,-1074.0,0.6300854700854701,0.63815,1.2228,0.72455,1.06885,0.006648,1.1114,75.56,75.59,3.6325,862.5,22.68,1964.2,4364.5,3.048,33955.0,1693.7,101.29296875,105.109375,107.53125,113.03125,117.0,2.1587,2.1333
5.28,5.035,5.432,4.649,4.632,4.975,4.774,5.33,15.37,14279.62,82.65,33.52,101.05,175.02,68.51,60.0,125.52,158.63,15.37,17.31,14.53,0.92558,1.096182,-322,-106.0,-544.0,-11,400,-13724243.0,0.06297229219143577,0.894356005788712,6.754104656254561,-451.0,-1066.0,0.6299172229639519,0.63815,1.2228,0.72455,1.06885,0.006648,1.1114,75.56,75.59,3.6325,862.5,22.685,1964.2,4365.0,3.048,33957.0,1693.9,101.29296875,105.109375,107.53125,113.03125,117.03125,2.1587,2.1333
5.28,5.035,5.432,4.649,4.632,4.975,4.776,5.33,15.3,14279.6,82.63,33.52,101.04,175.03,68.51,59.99,125.5,158.63,15.3,17.31,14.53,0.925322,1.095314,-322,-96.0,-572.0,-11,400,-13741992.0,0.06297229219143577,0.894356005788712,6.755616497071507,-452.0,-1072.0,0.6297490656700481,0.63825,1.2229,0.72465,1.06895,0.0066485,1.1115,75.56,75.6,3.6325,862.5,22.685,1964.4,4365.5,3.048,33961.0,1694.2,101.296875,105.125,107.546875,113.0625,117.0625,2.1587,2.1337
5.28,5.035,5.432,4.649,4.632,4.975,4.776,5.33,15.37,14279.51,82.63,33.515,101.04,175.02,68.51,59.98,125.5,158.63,15.37,17.31,14.53,0.925322,1.095314,-322,-126.0,-609.0,-11,400,-13756099.0,0.06297229219143577,0.894356005788712,6.756356775179621,-452.0,-1098.0,0.6298744993324433,0.6382,1.2229,0.72465,1.0689,0.0066485,1.11145,75.56,75.61,3.6325,862.9,22.685,1964.3,4365.75,3.048,33963.0,1694.4,101.29296875,105.1171875,107.53125,113.0625,117.03125,2.1587,2.1337
5.28,5.035,5.432,4.649,4.632,4.975,4.776,5.33,15.37,14279.82,82.63,33.515,101.04,175.02,68.51,59.98,125.5,158.63,15.37,17.31,14.53,0.925322,1.095314,-322,-170.0,-640.0,-11,400,-13758614.0,0.06297229219143577,0.894356005788712,6.756356775179621,-454.0,-1115.0,0.6297063534436733,0.6382,1.2229,0.72465,1.0689,0.0066485,1.11145,75.57,75.61,3.6325,862.9,22.68,1964.3,4365.75,3.048,33963.0,1694.6,101.29296875,105.109375,107.53125,113.0625,117.0625,2.1587,2.1337
5.28,5.035,5.432,4.649,4.632,4.975,4.776,5.33,15.38,14280.08,82.63,33.515,101.04,175.02,68.51,59.985,125.5,158.63,15.38,17.31,14.55,0.925322,1.095314,-322,-180.0,-581.0,-11,400,-13738447.0,0.06297229219143577,0.894356005788712,6.755793604655725,-455.0,-1121.0,0.6297063534436733,0.6382,1.2229,0.72465,1.0689,0.0066485,1.11145,75.57,75.61,3.6325,862.9,22.68,1964.3,4365.25,3.048,33958.0,1694.1,101.29296875,105.109375,107.53125,113.0625,117.0625,2.1587,2.1337
5.28,5.035,5.432,4.649,4.632,4.975,4.776,5.33,15.38,14279.89,82.63,33.52,101.04,175.02,68.51,60.0,125.49,158.65,15.38,17.31,14.55,0.925322,1.095314,-322,-196.0,-568.0,-11,400,-13784690.0,0.06297229219143577,0.894356005788712,6.75495621077215,-455.0,-1109.0,0.6297490656700481,0.6382,1.2229,0.7246,1.0689,0.006648,1.11145,75.57,75.61,3.6325,862.9,22.68,1964.3,4364.75,3.048,33956.0,1694.0,101.29296875,105.109375,107.546875,113.09375,117.0625,2.1587,2.1337
5.28,5.035,5.432,4.649,4.632,4.978,4.779,5.33,15.38,14279.93,82.63,33.52,101.04,175.03,68.51,60.01,125.5,158.65,15.38,17.31,14.55,0.925322,1.095314,-322,-211.0,-585.0,-11,400,-13817496.0,0.06297229219143577,0.8939247830279653,6.75421646141738,-455.0,-1107.0,0.6297490656700481,0.6382,1.2229,0.7246,1.0689,0.006648,1.11145,75.57,75.61,3.6325,862.9,22.68,1964.3,4364.75,3.048,33955.0,1694.0,101.29296875,105.109375,107.546875,113.0625,117.0625,2.1587,2.1337
5.28,5.035,5.432,4.649,4.632,4.978,4.779,5.33,15.38,14279.93,82.63,33.52,101.04,175.03,68.51,60.01,125.5,158.65,15.38,17.31,14.55,0.925322,1.095314,-322,-211.0,-585.0,-11,400,-13817496.0,0.06297229219143577,0.8939247830279653,6.75421646141738,-455.0,-1107.0,0.6297490656700481,0.6382,1.2229,0.7246,1.0689,0.006648,1.11145,75.57,75.61,3.6325,862.8,22.68,1964.3,4364.75,3.048,33955.0,1694.0,101.29296875,105.109375,107.546875,113.0625,117.0625,2.1587,2.1337
5.28,5.035,5.432,4.651,4.632,4.978,4.779,5.33,15.38,14281.18,82.63,33.52,101.04,175.02,68.52,60.01,125.5,158.66,15.38,17.3,14.54,0.925322,1.095314,-322,-180.0,-524.0,-11,400,-13798750.0,0.06301197227473221,0.8939247830279653,6.75365640071858,-455.0,-1120.0,0.6297490656700481,0.6382,1.223,0.7246,1.06885,0.006648,1.11145,75.57,75.61,3.6325,862.8,22.685,1964.3,4365.0,3.049,33955.0,1693.9,101.29296875,105.109375,107.53125,113.0625,117.0625,2.1587,2.1337
5.28,5.035,5.432,4.651,4.632,4.978,4.779,5.33,15.38,14280.74,82.63,33.52,101.04,175.0,68.52,60.015,125.5,158.65,15.38,17.3,14.54,0.925322,1.095314,-322,-186.0,-600.0,-11,400,-13797270.0,0.06295247088448222,0.8939247830279653,6.752459066707408,-455.0,-1140.0,0.6297490656700481,0.6382,1.223,0.72465,1.0689,0.006648,1.1115,75.58,75.61,3.6325,862.8,22.685,1964.3,4364.75,3.049,33956.0,1693.8,101.29296875,105.109375,107.53125,113.0625,117.0625,2.1587,2.1337
5.28,5.035,5.432,4.651,4.632,4.978,4.779,5.33,15.38,14280.75,82.63,33.515,101.04,174.98,68.52,60.015,125.51,158.65,15.38,17.3,14.52,0.925322,1.095314,-322,-230.0,-698.0,-11,400,-13857059.0,0.06293266205160478,0.8939247830279653,6.750739100591656,-454.0,-1163.0,0.6295809981318388,0.63825,1.223,0.72465,1.0689,0.006648,1.1115,75.58,75.61,3.6325,862.8,22.685,1964.3,4364.75,3.049,33956.0,1693.8,101.29296875,105.109375,107.53125,113.0625,117.09375,2.1587,2.1337
5.28,5.035,5.432,4.651,4.632,4.978,4.779,5.33,15.38,14280.75,82.63,33.515,101.04,174.98,68.52,60.015,125.51,158.65,15.38,17.3,14.52,0.925322,1.095314,-322,-230.0,-698.0,-11,400,-13857059.0,0.06293266205160478,0.8939247830279653,6.750739100591656,-454.0,-1163.0,0.6295809981318388,0.63825,1.223,0.72465,1.0689,0.006648,1.1115,75.58,75.61,3.6325,862.8,22.68,1964.3,4364.75,3.049,33956.0,1693.8,101.29296875,105.109375,107.53125,113.0625,117.09375,2.1587,2.1337
5.28,5.035,5.432,4.651,4.632,4.978,4.779,5.33,15.38,14281.21,82.64,33.52,101.05,174.99,68.53,60.035,125.52,158.65,15.38,17.3,14.52,0.925322,1.095314,-322,-231.0,-593.0,-11,400,-13826900.0,0.06295247088448222,0.8937093275488068,6.747891032142822,-456.0,-1150.0,0.6295809981318388,0.63815,1.2229,0.7246,1.0689,0.006648,1.1115,75.57,75.61,3.6325,862.8,22.68,1964.3,4363.0,3.049,33945.0,1693.2,101.29296875,105.109375,107.546875,113.0625,117.09375,2.1587,2.1337
5.28,5.035,5.432,4.651,4.632,4.978,4.779,5.33,15.38,14281.13,82.64,33.52,101.05,175.0,68.53,60.035,125.52,158.67,15.38,17.3,14.52,0.925322,1.095314,-322,-218.0,-553.0,-11,400,-13797605.0,0.06295247088448222,0.8937093275488068,6.749513024839308,-456.0,-1149.0,0.6295809981318388,0.63815,1.2229,0.7246,1.06895,0.006648,1.1115,75.57,75.61,3.633,862.8,22.68,1964.3,4363.0,3.049,33945.0,1693.1,101.29296875,105.109375,107.546875,113.0625,117.09375,2.1587,2.1337
5.28,5.035,5.432,4.651,4.632,4.978,4.779,5.33,15.35,14281.81,82.64,33.52,101.05,175.01,68.53,60.035,125.54,158.67,15.35,17.29,14.5,0.925322,1.095314,-322,-209.0,-516.0,-11,400,-13796148.0,0.06295247088448222,0.8937093275488068,6.749513024839308,-455.0,-1118.0,0.6295809981318388,0.63815,1.2229,0.7246,1.0689,0.0066475,1.1115,75.57,75.61,3.633,862.8,22.68,1964.3,4363.0,3.049,33945.0,1693.1,101.29296875,105.109375,107.53125,113.0625,117.09375,2.1587,2.1337
5.28,5.035,5.432,4.651,4.632,4.978,4.779,5.33,15.35,14281.9,82.64,33.52,101.06,175.0,68.53,60.03,125.55,158.65,15.35,17.29,14.5,0.926003,1.094685,-322,-184.0,-466.0,-11,400,-13809952.0,0.06301197227473221,0.8937093275488068,6.747714666218436,-455.0,-1112.0,0.6295809981318388,0.63815,1.2229,0.7246,1.0689,0.0066475,1.11145,75.57,75.61,3.633,862.8,22.68,1964.2,4363.25,3.05,33945.0,1693.1,101.29296875,105.109375,107.53125,113.0625,117.09375,2.1587,2.1337
5.28,5.035,5.432,4.651,4.632,4.978,4.779,5.33,15.35,14282.63,82.64,33.52,101.06,175.0,68.545,60.05,125.55,158.66,15.35,17.29,14.5,0.926003,1.094685,-322,-163.0,-407.0,-11,400,-13661201.0,0.06301197227473221,0.8939247830279653,6.74511459770832,-455.0,-1086.0,0.6296663997864959,0.6381,1.2229,0.7246,1.06885,0.0066475,1.1114,75.58,75.61,3.6325,862.8,22.675,1964.1,4363.0,3.05,33944.0,1693.1,101.29296875,105.109375,107.53125,113.0625,117.09375,2.1587,2.1337
5.28,5.035,5.432,4.651,4.632,4.978,4.779,5.33,15.35,14283.98,82.64,33.52,101.06,175.0,68.54,60.05,125.54,158.68,15.35,17.29,14.5,0.926003,1.094685,-322,-142.0,-379.0,-11,400,-13645581.0,0.06303183107469272,0.8939247830279653,6.746320493054501,-454.0,-1063.0,0.6298344901227977,0.63805,1.2228,0.72455,1.06885,0.0066475,1.1114,75.59,75.61,3.6325,862.8,22.675,1964.1,4362.5,3.05,33943.0,1692.9,101.2890625,105.1015625,107.53125,113.0625,117.0625,2.1587,2.1337
5.28,5.035,5.432,4.651,4.632,4.978,4.779,5.33,15.36,14284.07,82.65,33.52,101.07,175.02,68.55,60.06,125.54,158.68,15.36,17.29,14.5,0.926003,1.094685,-322,-117.0,-283.0,-11,400,-13536195.0,0.06303183107469272,0.8939247830279653,6.744422681197247,-455.0,-1059.0,0.6298344901227977,0.63805,1.2228,0.72455,1.06885,0.0066475,1.1114,75.59,75.61,3.632,862.8,22.675,1964.1,4362.75,3.05,33943.0,1692.9,101.2890625,105.1015625,107.53125,113.0625,117.0625,2.1587,2.1337
5.28,5.035,5.432,4.651,4.632,4.978,4.779,5.33,15.36,14285.59,82.65,33.52,101.07,175.04,68.55,60.07,125.56,158.73,15.36,17.29,14.5,0.926003,1.094685,-322,-121.0,-189.0,-11,400,-13390238.0,0.06311139160618491,0.8975350410826486,6.7473187918252915,-455.0,-1039.0,0.6297518014411528,0.63805,1.2228,0.72455,1.06885,0.0066475,1.1114,75.59,75.61,3.632,862.8,22.675,1964.1,4362.75,3.05,33944.0,1693.0,101.2890625,105.1015625,107.53125,113.0625,117.09375,2.1587,2.1337
